{
  "mean_plddt": 36.08984375,
  "recycles": 5,
  "tol": 4.463447570800781,
  "model": "1",
  "type": "multimer_v2",
  "seed": "0",
  "rmsd_to_input": 41.22974395751953,
  "ptm": 0.16812226176261902,
  "iptm": 0.06683436781167984,
  "elapsed_time": 4074.2741119861603
}