{
  "mean_plddt": 33.82598876953125,
  "recycles": 5,
  "tol": 7.093690395355225,
  "model": "2",
  "type": "multimer_v2",
  "seed": "0",
  "rmsd_to_input": 36.6567268371582,
  "ptm": 0.17237865924835205,
  "iptm": 0.06288755685091019,
  "elapsed_time": 3676.2981309890747
}