{
  "mean_plddt": 35.69381332397461,
  "recycles": 5,
  "tol": 3.319115161895752,
  "model": "4",
  "type": "multimer_v2",
  "seed": "0",
  "rmsd_to_input": 37.957584381103516,
  "ptm": 0.1771974116563797,
  "iptm": 0.07294078171253204,
  "elapsed_time": 3688.7156035900116
}