{
  "mean_plddt": 45.03536605834961,
  "recycles": 5,
  "tol": 8.240781784057617,
  "model": "3",
  "type": "multimer_v2",
  "seed": "0",
  "rmsd_to_input": 42.063873291015625,
  "ptm": 0.23681700229644775,
  "iptm": 0.06778652966022491,
  "elapsed_time": 3697.8269181251526
}