{
  "mean_plddt": 36.65746307373047,
  "recycles": 5,
  "tol": 5.153155326843262,
  "model": "1",
  "type": "multimer_v2",
  "seed": "0",
  "rmsd_to_input": 40.912879943847656,
  "ptm": 0.16785593330860138,
  "iptm": 0.06644846498966217,
  "elapsed_time": 295.2979781627655
}