{
  "mean_plddt": 34.109806060791016,
  "recycles": 5,
  "tol": 6.680717945098877,
  "model": "5",
  "type": "multimer_v2",
  "seed": "0",
  "rmsd_to_input": 57.902099609375,
  "ptm": 0.13888031244277954,
  "iptm": 0.05423199385404587,
  "elapsed_time": 148.85451436042786
}