{
  "mean_plddt": 33.937374114990234,
  "recycles": 5,
  "tol": 7.011521816253662,
  "model": "2",
  "type": "multimer_v2",
  "seed": "0",
  "rmsd_to_input": 36.572872161865234,
  "ptm": 0.1733238846063614,
  "iptm": 0.06300003826618195,
  "elapsed_time": 148.69432616233826
}