{
  "mean_plddt": 45.19800567626953,
  "recycles": 5,
  "tol": 7.832825660705566,
  "model": "3",
  "type": "multimer_v2",
  "seed": "0",
  "rmsd_to_input": 41.93452835083008,
  "ptm": 0.23578408360481262,
  "iptm": 0.06786806881427765,
  "elapsed_time": 148.84318089485168
}