{
  "mean_plddt": 35.72597885131836,
  "recycles": 5,
  "tol": 3.3282814025878906,
  "model": "4",
  "type": "multimer_v2",
  "seed": "0",
  "rmsd_to_input": 37.98118209838867,
  "ptm": 0.1771310567855835,
  "iptm": 0.07288643717765808,
  "elapsed_time": 148.86900734901428
}